timestamp,operation_type,cik,form_type_processed,accession_number,download_success,download_error_message,parse_success,error_code,custom_identifier
2026-03-20 15:51:57,GET_FILINGS_START,SYSTEM,,,False,"Starting get_filings. CIKs: 0001018724, Forms: ['13F-HR'], Years: 2024-2025",,,
2026-03-20 15:51:58,INDEX_PARSE_SUCCESS,SYSTEM,,,True,Successfully parsed 1 entries from 2024 Q1,,,
2026-03-20 15:51:58,INDEX_PARSE_SUCCESS,SYSTEM,,,True,Successfully parsed 1 entries from 2024 Q2,,,
2026-03-20 15:51:59,INDEX_PARSE_SUCCESS,SYSTEM,,,True,Successfully parsed 1 entries from 2024 Q3,,,
2026-03-20 15:51:59,INDEX_PARSE_SUCCESS,SYSTEM,,,True,Successfully parsed 1 entries from 2024 Q4,,,
2026-03-20 15:52:00,INDEX_PARSE_SUCCESS,SYSTEM,,,True,Successfully parsed 1 entries from 2025 Q1,,,
2026-03-20 15:52:01,INDEX_PARSE_SUCCESS,SYSTEM,,,True,Successfully parsed 1 entries from 2025 Q2,,,
2026-03-20 15:52:01,INDEX_PARSE_SUCCESS,SYSTEM,,,True,Successfully parsed 1 entries from 2025 Q3,,,
2026-03-20 15:52:02,INDEX_PARSE_SUCCESS,SYSTEM,,,True,Successfully parsed 1 entries from 2025 Q4,,,
2026-03-20 15:52:02,INDEX_FETCH_SUCCESS,SYSTEM,,,True,Retrieved index data with 8 entries,,,
2026-03-20 15:52:02,FORM_TYPE_PROCESSING_START,SYSTEM,,,True,Processing form type: 13F-HR,,,
2026-03-20 15:52:02,CIK_IDENTIFICATION,SYSTEM,,,True,Found 1 CIKs for form type 13F-HR from years 2024-2025,,,
2026-03-20 15:52:02,DOWNLOAD_SINGLE_FILING_SUCCESS,0001018724,,0001104659-24-054026,True,,,,
2026-03-20 15:52:02,DOWNLOAD_SINGLE_FILING_SUCCESS,0001018724,,0001104659-24-115382,True,,,,
2026-03-20 15:52:02,DOWNLOAD_SINGLE_FILING_SUCCESS,0001018724,,0001104659-25-010572,True,,,,
2026-03-20 15:52:02,DOWNLOAD_SINGLE_FILING_SUCCESS,0001018724,,0001104659-24-083968,True,,,,
2026-03-20 15:52:02,DOWNLOAD_SINGLE_FILING_SUCCESS,0001018724,,0001104659-25-045097,True,,,,
2026-03-20 15:52:02,DOWNLOAD_SINGLE_FILING_SUCCESS,0001018724,,0001104659-24-008239,True,,,,
2026-03-20 15:52:02,DOWNLOAD_SINGLE_FILING_SUCCESS,0001018724,,0001104659-25-074202,True,,,,
2026-03-20 15:52:02,DOWNLOAD_SINGLE_FILING_SUCCESS,0001018724,,0001104659-25-106286,True,,,,
2026-03-20 15:52:02,DOWNLOAD_FILINGS_BATCH_PROCESSED,0001018724,,,True,Successfully processed 8 filings for download,,200,
2026-03-20 15:52:02,PROCESS_FILINGS_FOR_IDENTIFIER_START,0001018724,13F-HR,,False,"Starting processing for 0001018724, Form 13F-HR. Downloaded count: 8",,,0001018724
2026-03-20 15:52:02,PARSER-13F_HR,0001018724,,0001104659-24-054026,True,Successfully parsed 10 holdings,True,,
2026-03-20 15:52:02,PARSER-13F_HR,0001018724,,0001104659-24-115382,True,Successfully parsed 10 holdings,True,,
2026-03-20 15:52:02,PARSER-13F_HR,0001018724,,0001104659-25-010572,True,Successfully parsed 9 holdings,True,,
2026-03-20 15:52:02,PARSER-13F_HR,0001018724,,0001104659-24-083968,True,Successfully parsed 10 holdings,True,,
2026-03-20 15:52:02,PARSER-13F_HR,0001018724,,0001104659-25-045097,True,Successfully parsed 9 holdings,True,,
2026-03-20 15:52:02,PARSER-13F_HR,0001018724,,0001104659-24-008239,True,Successfully parsed 9 holdings,True,,
2026-03-20 15:52:02,PARSER-13F_HR,0001018724,,0001104659-25-074202,True,Successfully parsed 9 holdings,True,,
2026-03-20 15:52:02,PARSER-13F_HR,0001018724,,0001104659-25-106286,True,Successfully parsed 7 holdings,True,,
2026-03-20 15:52:02,PROCESS_FILINGS_FOR_IDENTIFIER_END,0001018724,13F-HR,,False,"Finished processing for 0001018724, Form 13F-HR. Successful parses: 8, Holdings: 73",,,0001018724
2026-03-20 15:52:02,GET_FILINGS_END,SYSTEM,,,False,"Finished get_filings. CIKs: 0001018724, Forms: ['13F-HR'], Years: 2024-2025",,,
2026-03-20 15:52:02,GET_FILINGS_START,SYSTEM,,,False,"Starting get_filings. CIKs: 0001029160, Forms: ['13F-HR'], Years: 2024-2025",,,
2026-03-20 15:52:02,INDEX_PARSE_SUCCESS,SYSTEM,,,True,Successfully parsed 1 entries from 2024 Q1,,,
2026-03-20 15:52:03,INDEX_PARSE_SUCCESS,SYSTEM,,,True,Successfully parsed 1 entries from 2024 Q2,,,
2026-03-20 15:52:03,INDEX_PARSE_SUCCESS,SYSTEM,,,True,Successfully parsed 1 entries from 2024 Q3,,,
2026-03-20 15:52:03,INDEX_PARSE_SUCCESS,SYSTEM,,,True,Successfully parsed 1 entries from 2024 Q4,,,
2026-03-20 15:52:03,INDEX_PARSE_SUCCESS,SYSTEM,,,True,Successfully parsed 1 entries from 2025 Q1,,,
2026-03-20 15:52:03,INDEX_PARSE_SUCCESS,SYSTEM,,,True,Successfully parsed 1 entries from 2025 Q2,,,
2026-03-20 15:52:04,INDEX_PARSE_SUCCESS,SYSTEM,,,True,Successfully parsed 1 entries from 2025 Q3,,,
2026-03-20 15:52:04,INDEX_PARSE_SUCCESS,SYSTEM,,,True,Successfully parsed 1 entries from 2025 Q4,,,
2026-03-20 15:52:04,INDEX_FETCH_SUCCESS,SYSTEM,,,True,Retrieved index data with 8 entries,,,
2026-03-20 15:52:04,FORM_TYPE_PROCESSING_START,SYSTEM,,,True,Processing form type: 13F-HR,,,
2026-03-20 15:52:04,CIK_IDENTIFICATION,SYSTEM,,,True,Found 1 CIKs for form type 13F-HR from years 2024-2025,,,
2026-03-20 15:52:04,DOWNLOAD_SINGLE_FILING_SUCCESS,0001029160,,0000902664-24-003649,True,,,,
2026-03-20 15:52:04,DOWNLOAD_SINGLE_FILING_SUCCESS,0001029160,,0000902664-24-005131,True,,,,
2026-03-20 15:52:04,DOWNLOAD_SINGLE_FILING_SUCCESS,0001029160,,0000902664-24-001751,True,,,,
2026-03-20 15:52:04,DOWNLOAD_SINGLE_FILING_SUCCESS,0001029160,,0000902664-24-006588,True,,,,
2026-03-20 15:52:04,DOWNLOAD_SINGLE_FILING_SUCCESS,0001029160,,0000902664-25-001069,True,,,,
2026-03-20 15:52:04,DOWNLOAD_SINGLE_FILING_SUCCESS,0001029160,,0000902664-25-003648,True,,,,
2026-03-20 15:52:04,DOWNLOAD_SINGLE_FILING_SUCCESS,0001029160,,0000902664-25-002391,True,,,,
2026-03-20 15:52:04,DOWNLOAD_SINGLE_FILING_SUCCESS,0001029160,,0000902664-25-005044,True,,,,
2026-03-20 15:52:04,DOWNLOAD_FILINGS_BATCH_PROCESSED,0001029160,,,True,Successfully processed 8 filings for download,,200,
2026-03-20 15:52:04,PROCESS_FILINGS_FOR_IDENTIFIER_START,0001029160,13F-HR,,False,"Starting processing for 0001029160, Form 13F-HR. Downloaded count: 8",,,0001029160
2026-03-20 15:52:04,PARSER-13F_HR,0001029160,,0000902664-24-003649,True,Successfully parsed 193 holdings,True,,
2026-03-20 15:52:04,PARSER-13F_HR,0001029160,,0000902664-24-005131,True,Successfully parsed 177 holdings,True,,
2026-03-20 15:52:04,PARSER-13F_HR,0001029160,,0000902664-24-001751,True,Successfully parsed 209 holdings,True,,
2026-03-20 15:52:04,PARSER-13F_HR,0001029160,,0000902664-24-006588,True,Successfully parsed 177 holdings,True,,
2026-03-20 15:52:04,PARSER-13F_HR,0001029160,,0000902664-25-001069,True,Successfully parsed 190 holdings,True,,
2026-03-20 15:52:04,PARSER-13F_HR,0001029160,,0000902664-25-003648,True,Successfully parsed 202 holdings,True,,
2026-03-20 15:52:04,PARSER-13F_HR,0001029160,,0000902664-25-002391,True,Successfully parsed 209 holdings,True,,
2026-03-20 15:52:04,PARSER-13F_HR,0001029160,,0000902664-25-005044,True,Successfully parsed 184 holdings,True,,
2026-03-20 15:52:04,PROCESS_FILINGS_FOR_IDENTIFIER_END,0001029160,13F-HR,,False,"Finished processing for 0001029160, Form 13F-HR. Successful parses: 8, Holdings: 1541",,,0001029160
2026-03-20 15:52:04,GET_FILINGS_END,SYSTEM,,,False,"Finished get_filings. CIKs: 0001029160, Forms: ['13F-HR'], Years: 2024-2025",,,
